id;title;content;date_pub;time
1;mobile Fish;Home Loan Account Table Computer;2020-11-23;2020-11-23T07:30:08
2;seamless Metal deposit;Producer;2020-11-22;2020-11-22T19:59:57
3;Electronics;Soap methodology Albania;2020-11-23;2020-11-23T17:58:14
4;Namibia;Steel zero administration;2020-11-23;2020-11-23T12:56:15
5;Licensed Savings Account;Cambridgeshire Mississippi;2020-11-23;2020-11-22T21:53:09
6;Yuan Renminbi Centers;Factors;2020-11-22;2020-11-23T05:00:19
7;envisioneer Music Public-key;infomediaries;2020-11-23;2020-11-23T03:53:04
8;backing up Salad;Digitized invoice;2020-11-23;2020-11-23T08:19:14
9;sky blue Georgia;Facilitator;2020-11-22;2020-11-23T07:43:48
10;e-enable Communications capacitor;Awesome;2020-11-23;2020-11-23T06:01:27
